reference,hypothesis,wer
पुलिस अधीक्षक चंद्र शेखर सोलंकी ने कहा कि आरोपी ढके हुए चेहरे के साथ अदालत में पेश हुए थे,पुलिस अदिक्षक चंदर शेखर सोलंकी ने कहा कि आरोपी ढके हुए चेरे के साथ अधालत में पेश हुए थे,0.21052631578947367
फ़ोटोग्राफ़रों ने बाद में एक वृद्ध महिला की जगह ले ली क्योंकि उसे शौचालय जाना ज़रूरी था मेंडोज़ा को गोली मार दी गई थी,फोटोग्राफरो ने बाद में एकवरिद महिला की जगह ले ली क्योंकि उससे शौचाले जाना जरूरी था मेंडोजा को गोली मार दी गई थी,0.2916666666666667
पुरुषों को दृढ़ता से नकारें और अपनी बात पर बेहिचक अड़ी रहें सांस्कृतिक अंतरों के होने या नहीं होने से यह सही नहीं हो जाता!,प्रुशनों को दिरिध्था से नकारें और अपनी बाद पर बेहिचक आडी रहें सांस्कृतिक अंतरों के होने या नहीं होने से या सही नहीं हो जाता।,0.24
लड़ाई के आख़िरी दो सालों में पहले के साथी अब दुश्मन बन गए थे और शीत युद्ध की शुरुआत हो चुकी थी,लड़ाई के आखरी दो सालों में पहले के साथी अब दुश्पन बन गए थे और शित्यूद की शुरुआत हो चुकी थी,0.18181818181818182
अगर हमारे अपने पूर्वजों ने अपनी प्रोटीन की समस्या को कुछ हद तक उसी तरह सुलझाया तो हमें आश्चर्यचकित नहीं होना चाहिए जैसे कि आज के समय में चिंपाजी करते हैं,अगर हमारे अपने पुर्वजो ने अपनी प्रोटीन की समस्या को कुछ द तक उसी तरह सुल जाया तो हमें अश्चर चक्कित नहीं होना चाहिए जैसे कि आज के समय में चिंपान जी करते हैं,0.25806451612903225
ओलिवर सैक्स ने अपने पेपर द प्रेसिडेंट स्पीच में संकेत दिया कि कैसे जो लोग दिमागी नुकसान के कारण भाषण को समझ नहीं पाते हैं फिर भी वे ईमानदारी का सही आकलन कर पाते हैं,ओलीवर सैक्स ने अपने पेप्र द प्रेसिडेंट स्पीच में संकेर दिया कि कैसे जो लोग दिमा की नुकसान के कारअड़ भाषवर को समझ नहीं पाते हैं फिर बीवे ईमानदारी का सही आकलन कर पाते हैं,0.2571428571428571
यह तर्कसंगत लग रहा है क्योंकि ऐसा महसूस नहीं होता है कि पृथ्वी चल रही है है कि नहीं,यहतर्क संगत लग रहा है क्योंकि ऐसा महसूस नहीं होता है कि प्रित्वी चल रही है कि नहीं,0.21052631578947367
यह समुद्र के नीचे पतला और ऊंचे क्षेत्रों के नीचे मोटा होता है,या समुद्र के नीचे पतला और उचे शेत्रोग के नीचे मोटा होता है,0.23076923076923078
यूरोप एक ऐसा महाद्वीप है जो अपेक्षाकृत छोटा है लेकिन इसमें कई स्वतंत्र देश हैं सामान्य परिस्थिति में कई देशों की यात्रा करने का मतलब कई बार वीज़ा आवेदन और पासपोर्ट कंट्रोल की प्रक्रिया से गुज़रना है,यूरोप एक ऐसा महादवीप है जो अपविक्षाक्रण छोटा है लेकिन इसमें कई स्वतन्त देश है समाने प्रारेस्थितियों में कई देशों की यात्रा करने का मतलब कई बारवीजा आवेदन और बासपोर कंड्रोल की प्रक्रिया से गुजरना है,0.2972972972972973
तीसरी शताब्दी ईसा पूर्व में मिस्रियों द्वारा निर्मित ग्रेट पिरामिड मृत फिरौन का सम्मान करने के लिए निर्मित कई बड़ी पिरामिड संरचनाओं में से एक है,तीसरी सताब्दी इसा पुर्व में मिश्रियो द्वारा निर्मित ग्रेट पिरामीट मुरूत फिरून का सम्मान करने के लिए निर्मित कई बड़ी पिरामीट संरचनाव में से एक है,0.34615384615384615
यातायात बहाव दो बिंदुओं के बीच व्यक्तिगत चालकों और वाहनों की गतिविधि और एक दूसरे के साथ की जाने वाली पारस्परिक क्रिया का अध्ययन है,यातायात भाहाव दो बिंदुमों के बीच व्यक्तिव चालकों और वाहनोकिर गत्विदिंग और एक दूसरे के साथ की जाने वाली पासप्रिक्रियक देयन है।,0.44
लूना को साथी पहलवानों ने भी श्रद्धांजलि दी,लूना को साती पहल्वानों ने वीश्रद धानजली दी,0.5
मोसासौरस अपने समय का सबसे बड़ा शिकारी था इसलिए उसे अन्य मोसासौरस के अलावा किसी का भय नहीं था,मोसाशरस अपने समय का सबसे बड़ा सिकारी था इसलिए उसे अन्यों मोसाशरस के अलगा किसी का भार नहीं था,0.3157894736842105
यह रिपोर्ट इराक के प्रति प्रशासन की वर्तमान नीति के लगभग सभी पहलुओं के प्रति बेहद आलोचनात्मक है और यह इसकी दिशा में तत्काल परिवर्तन का आग्रह करती है,यहा रिपोर्ट इराग के प्रतिव प्रशाशन की वर्तमान नीति के लगभग सभी पहलूँगों के प्रतिवेहत आलोच नात्मक है और यहा इसकी दिशा में ततकाल परिवर्तन का आग्रह करती है,0.3448275862068966
कंफेडेरशन के अनुच्छेद के तहत क्रांतिकारी युद्ध के दौरान तेरह राज्यों ने पहली बार एक कमजोर केंद्रीय सरकार का गठन किया जिसमें कांग्रेस इसका एकमात्र घटक थी,कंफेडरेशन के अनुच्छेत के तिहत करानतिकारी यूध्ध के दौरान तेराह राज़ों ने पहली बार एक कमजोर कंद्रिये सरकार का गणधन किया जिसमें कॉंग्रेस इसका एक मात्र घटक थी,0.4444444444444444
माऊ आंदोलन द्वारा स्वतंत्रता के लिए आयोजित संघर्ष के दौरान नगर में एक शांतिपूर्ण सभा में प्रमुख तापुआ तामासेसे सेलोफ़ी तृतीय की हत्या हो गई,माव आंदोलन दौरा स्ट्रत्ता के लिए आयोजित संगर्श के दौरान नगर में एक शांतिपूर्न सभा में प्रमुप्त तापुआ तमोसे से सेलोफी त्वित्यद की हत्यां हो गई।,0.48
अस्पताल में काम करते हुए लिगिन्स ने अपने खाली समय के दौरान समय से पहले प्रसव की जांच शुरू कर दी,हस्पोधाल में काम करते हो बुए लेकिंग्स ने अपने खाली समय के दौरान समय से पहरे प्रसव की जान शुरू कर दि,0.3333333333333333
मोसासौरस अपने समय का सबसे बड़ा शिकारी था इसलिए उसे अन्य मोसासौरस के अलावा किसी का भय नहीं था,मोसासोरस अपने समाई का सबसे बड़ा शिखारी था इसलिए उससे अन्य मोसासोरस के अलावा किसी का भ्याए नहीं था,0.3157894736842105
उन्होंने अफवाहों को राजनीतिक बकवास और मूर्खतापूर्ण कहा,उम्हुंने ना प्वाव को राजनी देख बप्वास और मुझकता प्वाव का है,1.25
उत्तरी मैरिएनस इमरजेंसी प्रबंधन कार्यलय की ओर से कहा गया कि राष्ट्र में नुकसान की कोई सूचना प्राप्त नहीं हुई थी,।।।।।।।।।।।।।।।।।।।।।।।।।।।।।।।।।।।।।।।।।।।।।।।।।।।।।।।।।।।।।।।।।।।।।।।।।।।।।।।।।।।।।।।।।।।।।।।।।।।।।।।।।।।।।।।।,1.0
तथा क्रांति के बाद व्यवसाय सभी पुरुष आवेदकों के लिए खुले थे जिसमें सबसे महत्त्वाकांक्षी और सफल होने वाले सफल हो सकते थे,प्राथ के बार दियों साई साई पूरे पारे दोपर दियों थे एक चीज ने सबसे महार पापन फ्रे से पहले मेरा ऐसा है लोग से ठीक है,1.0869565217391304
तकनीकी निर्धारण की ज़्यादातर व्याख्याएं दो सामान्य विचारों के बारे में बताती हैं तकनीकी विकास पर सांस्कृतिक या राजनीतिक असर का कोई भी प्रभाव नहीं पड़ता है और परिणामस्वरूप सामाजिक रूप से अनुकूलित होने के बजाय वह तकनीक निहित समाजों को प्रभावित करती है,तकनिकी निरदारन की ज्यादात्य रुव्याक्यांग्यांग्यांग्यांग्यांग्यांग्यांग्यांग्यांग्यांग्यांग्यांग्यांग्यांग्यांग्यांग्यांग्यांग्यांग्यांग्यांग्यांग्यांग्यांग्यांग्यांग्यांग्यांग्यांग्यांग्यांग्यांग्यांग्यांग्यांग्यांग्यांग्यांग्यांग्यांग्यांग्यांग्यांग्यांग्यांग्यांग्यांग्यांग्यांग्यांग्यांग्यांग्यांग्यांग्यांग्यांग्यांग्यांग्यांग्यांग्यांग्यांग्यांग्यांग्यांग्यांग्यांग्यां,0.9772727272727273
रणनीति महत्वपूर्ण सैन्य और असैन्य आपूर्ति को काटते हुए प्रभावी साबित हुई हालांकि इस नाकाबंदी ने पिछले दो शताब्दियों के कई अंतरराष्ट्रीय समझौतों द्वारा आमतौर पर स्वीकृत अंतर्राष्ट्रीय कानून का उल्लंघन किया,रण्नित्ती महत्वपुर्ण शहन और अशहन ने आप पूर्ती को कार्थे हुए प्रभावि साबित हुई हाला की इस नाकावंदिश ने पिचले दो शतावदियों के कई अंतर राष्ट्री समझोतों तवरा आम तौर पर स्विक्क्रित अंतर राष्ट्रे कानून का अलंगन किया,0.75
यह संबंधित है लेकिन आम तौर पर इसमें अल्पाइन शैली की स्की टूरिंग या माउंटेनीयरिंग शामिल नहीं होती है जिसे खड़े इलाकों में किया जाता है और जिसके लिए बहुत कड़ी स्की और बूट की ज़रूरत होती है,या संबंथी थी लेकिन आम तो उसमें अल्पाइंट से लिखिश की ऐसा मोट रहे हैं मेरेंट सामें रोने होती है कि खड़ी लाकों में किया जाता है जिसके लिखिश के खड़ी से लिखिश की खड़ी रहता है,0.7105263157894737
मस्तिष्क विकृति और व्यवहार के बीच संबंध अनुसंधान में वैज्ञानिकों का समर्थन करते हैं,मस्तिश्क व्रिक्कृति और व्यव्हार की भी संबंद अनुशन साधन और व्यग्यानिको का समटन करते है,0.8571428571428571
गंभीर मौसम किसी भी खतरनाक मौसमी घटना के लिए वर्गीय शब्द है जिसमें नुकसान गंभीर सामाजिक व्यवधान या मानव जीवन की हानि की संभावना है,गंबीर समाजिक समाजिक समाजिक समाजिक समाजिक समाजिक समाजिक समाजिक समाजिक समाजिक समाजिक समाजिक समाजिक समाजिक समाजिक समाजिक समाजिक समाजिक समाजिक समाजिक समाजिक समाजिक समाजिक समाजिक समाजिक समाजिक समाजिक समाजिक समाजिक समाजिक समाजिक समाजिक समाजिक समाजिक समाजिक समाजिक समाजिक समाजिक समाजिक समाजिक समाजिक समाजिक समाजिक समाजिक समाजिक समाजिक समाजिक समाजिक समाजिक,2.0
जिस कारण दो मछली की प्रजातियां विलुप्त हो गई हैं और अन्य दो लुप्तप्राय हो गई हैं जिसमें हंपबैक चूब भी शामिल है,चीज कारण दो मचली किर्पत जातिया भी लुप्त हो गई है और और निया दो लुप्त प्राई हो गई है जिस में हम बेक चुप की सामिल है,0.8260869565217391
